name,tdp
AMD A10-9700,65.0
AMD A10-9700E,35.0
AMD A12-9800,65.0
AMD A12-9800E,35.0
AMD A6-7480,45.0
AMD A6-9120C SoC,6.0
AMD A6-9220C SoC,6.0
AMD A6-9400,65.0
AMD A6-9550,65.0
AMD A8-7680,45.0
AMD A8-9600,65.0
AMD Athlon 200GE,35.0
AMD Athlon 220GE,35.0
AMD Athlon 240GE,35.0
AMD Athlon 3000G,35.0
AMD Athlon 300U,15.0
AMD Athlon Gold 3150G,65.0
AMD Athlon Gold 3150GE,35.0
AMD Athlon Gold 7220U,15.0
AMD Athlon Gold PRO 3150G,65.0
AMD Athlon Gold PRO 3150GE,35.0
AMD Athlon PRO 200GE,35.0
AMD Athlon PRO 300U,15.0
AMD Athlon Silver 3050GE,35.0
AMD Athlon Silver 7120U,15.0
AMD Athlon Silver PRO 3125GE,35.0
AMD Athlon X4 940,65.0
AMD Athlon X4 950,65.0
AMD Athlon X4 970,65.0
AMD EPYC 7232P,120.0
AMD EPYC 7251,
AMD EPYC 7252,120.0
AMD EPYC 7261,
AMD EPYC 7262,155.0
AMD EPYC 7272,120.0
AMD EPYC 7281,
AMD EPYC 7282,120.0
AMD EPYC 72F3,180.0
AMD EPYC 7301,
AMD EPYC 7302,155.0
AMD EPYC 7302P,155.0
AMD EPYC 7313,155.0
AMD EPYC 7313P,155.0
AMD EPYC 7343,190.0
AMD EPYC 7351,
AMD EPYC 7351P,
AMD EPYC 7352,155.0
AMD EPYC 7371,
AMD EPYC 7373X,240.0
AMD EPYC 73F3,240.0
AMD EPYC 7401,
AMD EPYC 7401P,
AMD EPYC 7402,180.0
AMD EPYC 7402P,180.0
AMD EPYC 7413,180.0
AMD EPYC 7443,200.0
AMD EPYC 7443P,200.0
AMD EPYC 7451,
AMD EPYC 7452,155.0
AMD EPYC 7453,225.0
AMD EPYC 7473X,240.0
AMD EPYC 74F3,240.0
AMD EPYC 7501,
AMD EPYC 7502,180.0
AMD EPYC 7502P,180.0
AMD EPYC 7513,200.0
AMD EPYC 7532,
AMD EPYC 7542,225.0
AMD EPYC 7543,225.0
AMD EPYC 7543P,225.0
AMD EPYC 7551,
AMD EPYC 7551P,
AMD EPYC 7552,200.0
AMD EPYC 7571,200.0
AMD EPYC 7573X,280.0
AMD EPYC 75F3,280.0
AMD EPYC 7601,
AMD EPYC 7642,225.0
AMD EPYC 7643,225.0
AMD EPYC 7662,
AMD EPYC 7663,240.0
AMD EPYC 7702,200.0
AMD EPYC 7702P,200.0
AMD EPYC 7713,225.0
AMD EPYC 7713P,225.0
AMD EPYC 7742,225.0
AMD EPYC 7763,280.0
AMD EPYC 7773X,280.0
AMD EPYC 7F32,180.0
AMD EPYC 7F52,155.0
AMD EPYC 7F72,240.0
AMD EPYC 7H12,280.0
AMD EPYC 7R13,225.0
AMD EPYC 7R32,280.0
AMD EPYC 9124,200.0
AMD EPYC 9174F,320.0
AMD EPYC 9224,200.0
AMD EPYC 9254,200.0
AMD EPYC 9274F,320.0
AMD EPYC 9334,210.0
AMD EPYC 9354,280.0
AMD EPYC 9354P,280.0
AMD EPYC 9374F,320.0
AMD EPYC 9454,290.0
AMD EPYC 9454P,290.0
AMD EPYC 9474F,360.0
AMD EPYC 9534,280.0
AMD EPYC 9554,360.0
AMD EPYC 9554P,360.0
AMD EPYC 9634,290.0
AMD EPYC 9654,360.0
AMD EPYC 9654P,360.0
AMD EPYC Embedded 3101,35.0
AMD EPYC Embedded 3151,45.0
AMD EPYC Embedded 3201,30.0
AMD EPYC Embedded 3251,55.0
AMD EPYC Embedded 3255,55.0
AMD EPYC Embedded 3351,80.0
AMD EPYC Embedded 3451,100.0
AMD EPYC Embedded 9124,200.0
AMD EPYC Embedded 9254,200.0
AMD EPYC Embedded 9354,280.0
AMD EPYC Embedded 9354P,280.0
AMD EPYC Embedded 9454,290.0
AMD EPYC Embedded 9454P,290.0
AMD EPYC Embedded 9554,360.0
AMD EPYC Embedded 9554P,360.0
AMD EPYC Embedded 9654,360.0
AMD EPYC Embedded 9654P,360.0
AMD PRO A10-9700,65.0
AMD PRO A12-9800E,35.0
AMD PRO A6-8570,65.0
AMD PRO A6-8570E,65.0
AMD Ryzen 3 1200,65.0
AMD Ryzen 3 1300X,65.0
AMD Ryzen 3 2200G,65.0
AMD Ryzen 3 2200GE,35.0
AMD Ryzen 3 2200U,15.0
AMD Ryzen 3 2300U,15.0
AMD Ryzen 3 2300X,65.0
AMD Ryzen 3 3100,65.0
AMD Ryzen 3 3200G,65.0
AMD Ryzen 3 3200GE,35.0
AMD Ryzen 3 3200U,15.0
AMD Ryzen 3 3250U,15.0
AMD Ryzen 3 3300U,15.0
AMD Ryzen 3 3300X,65.0
AMD Ryzen 3 4100,65.0
AMD Ryzen 3 4300G,65.0
AMD Ryzen 3 4300GE,35.0
AMD Ryzen 3 4300U,25.0
AMD Ryzen 3 5125C,15.0
AMD Ryzen 3 5300G,65.0
AMD Ryzen 3 5300U,15.0
AMD Ryzen 3 5400U,15.0
AMD Ryzen 3 5425C,15.0
AMD Ryzen 3 5425U,15.0
AMD Ryzen 3 7320U,15.0
AMD Ryzen 3 7330U,15.0
AMD Ryzen 3 7335U,28.0
AMD Ryzen 3 PRO 1200,65.0
AMD Ryzen 3 PRO 1300,65.0
AMD Ryzen 3 PRO 2200GE,35.0
AMD Ryzen 3 PRO 2300U,15.0
AMD Ryzen 3 PRO 3200GE,35.0
AMD Ryzen 3 PRO 3300U,15.0
AMD Ryzen 3 PRO 4350G,65.0
AMD Ryzen 3 PRO 4350GE,35.0
AMD Ryzen 3 PRO 4450U,15.0
AMD Ryzen 3 PRO 5350G,65.0
AMD Ryzen 3 PRO 5350GE,35.0
AMD Ryzen 3 PRO 5450U,15.0
AMD Ryzen 3 PRO 5475U,15.0
AMD Ryzen 5 1400,65.0
AMD Ryzen 5 1500X,65.0
AMD Ryzen 5 1600,65.0
AMD Ryzen 5 1600AF,65.0
AMD Ryzen 5 1600X,95.0
AMD Ryzen 5 2400G,65.0
AMD Ryzen 5 2400GE,35.0
AMD Ryzen 5 2500U,15.0
AMD Ryzen 5 2500X,65.0
AMD Ryzen 5 2600,65.0
AMD Ryzen 5 2600E,65.0
AMD Ryzen 5 2600H,15.0
AMD Ryzen 5 2600X,95.0
AMD Ryzen 5 3400G,65.0
AMD Ryzen 5 3400GE,35.0
AMD Ryzen 5 3500U,15.0
AMD Ryzen 5 3500X,65.0
AMD Ryzen 5 3550H,35.0
AMD Ryzen 5 3580U,15.0
AMD Ryzen 5 3600,65.0
AMD Ryzen 5 3600X,95.0
AMD Ryzen 5 3600XT,95.0
AMD Ryzen 5 4500,65.0
AMD Ryzen 5 4500U,25.0
AMD Ryzen 5 4600G,65.0
AMD Ryzen 5 4600GE,35.0
AMD Ryzen 5 4600H,54.0
AMD Ryzen 5 4600HS,35.0
AMD Ryzen 5 4600U,25.0
AMD Ryzen 5 5500,65.0
AMD Ryzen 5 5500U,15.0
AMD Ryzen 5 5600,65.0
AMD Ryzen 5 5600G,65.0
AMD Ryzen 5 5600U,15.0
AMD Ryzen 5 5600X,65.0
AMD Ryzen 5 5625C,15.0
AMD Ryzen 5 5625U,15.0
AMD Ryzen 5 6600H,45.0
AMD Ryzen 5 6600HS,35.0
AMD Ryzen 5 6600U,15.0
AMD Ryzen 5 7520U,15.0
AMD Ryzen 5 7530U,15.0
AMD Ryzen 5 7535H,35.0
AMD Ryzen 5 7535HS,35.0
AMD Ryzen 5 7535U,28.0
AMD Ryzen 5 7600,65.0
AMD Ryzen 5 7600X,105.0
AMD Ryzen 5 7640HS,35.0
AMD Ryzen 5 7640U,15.0
AMD Ryzen 5 7645HX,45.0
AMD Ryzen 5 PRO 1500,65.0
AMD Ryzen 5 PRO 1600,65.0
AMD Ryzen 5 PRO 2400G,65.0
AMD Ryzen 5 PRO 2400GE,35.0
AMD Ryzen 5 PRO 2500U,15.0
AMD Ryzen 5 PRO 2600,65.0
AMD Ryzen 5 PRO 3400GE,35.0
AMD Ryzen 5 PRO 3500U,15.0
AMD Ryzen 5 PRO 4650G,65.0
AMD Ryzen 5 PRO 4650GE,35.0
AMD Ryzen 5 PRO 4650U,15.0
AMD Ryzen 5 PRO 5650G,65.0
AMD Ryzen 5 PRO 5650GE,35.0
AMD Ryzen 5 PRO 5650U,15.0
AMD Ryzen 5 PRO 5675U,15.0
AMD Ryzen 5 PRO 6650H,45.0
AMD Ryzen 5 PRO 6650HS,35.0
AMD Ryzen 5 PRO 6650U,15.0
AMD Ryzen 7 1700,65.0
AMD Ryzen 7 1700X,95.0
AMD Ryzen 7 1800X,95.0
AMD Ryzen 7 2700,65.0
AMD Ryzen 7 2700E,65.0
AMD Ryzen 7 2700U,15.0
AMD Ryzen 7 2700X,105.0
AMD Ryzen 7 2700X 50th Anniversary,105.0
AMD Ryzen 7 2800H,15.0
AMD Ryzen 7 3700U,15.0
AMD Ryzen 7 3700X,65.0
AMD Ryzen 7 3750H,35.0
AMD Ryzen 7 3780U,15.0
AMD Ryzen 7 3800X,105.0
AMD Ryzen 7 3800XT,105.0
AMD Ryzen 7 4700G,65.0
AMD Ryzen 7 4700GE,35.0
AMD Ryzen 7 4700U,25.0
AMD Ryzen 7 4750U,15.0
AMD Ryzen 7 4800H,54.0
AMD Ryzen 7 4800HS,35.0
AMD Ryzen 7 4800U,25.0
AMD Ryzen 7 5700G,65.0
AMD Ryzen 7 5700U,15.0
AMD Ryzen 7 5700X,65.0
AMD Ryzen 7 5800,65.0
AMD Ryzen 7 5800H,45.0
AMD Ryzen 7 5800HS,35.0
AMD Ryzen 7 5800U,15.0
AMD Ryzen 7 5800X,105.0
AMD Ryzen 7 5800X3D,105.0
AMD Ryzen 7 5825C,15.0
AMD Ryzen 7 5825U,15.0
AMD Ryzen 7 6800H,45.0
AMD Ryzen 7 6800HS,35.0
AMD Ryzen 7 6800U,15.0
AMD Ryzen 7 7700,65.0
AMD Ryzen 7 7700X,105.0
AMD Ryzen 7 7730U,15.0
AMD Ryzen 7 7735H,35.0
AMD Ryzen 7 7735HS,35.0
AMD Ryzen 7 7735U,28.0
AMD Ryzen 7 7736U,15.0
AMD Ryzen 7 7745HX,55.0
AMD Ryzen 7 7800X3D,120.0
AMD Ryzen 7 7840HS,35.0
AMD Ryzen 7 PRO 1700,65.0
AMD Ryzen 7 PRO 1700X,95.0
AMD Ryzen 7 PRO 2700,65.0
AMD Ryzen 7 PRO 2700U,15.0
AMD Ryzen 7 PRO 2700X,95.0
AMD Ryzen 7 PRO 3700U,15.0
AMD Ryzen 7 PRO 4750G,65.0
AMD Ryzen 7 PRO 4750GE,35.0
AMD Ryzen 7 PRO 5750G,65.0
AMD Ryzen 7 PRO 5750GE,35.0
AMD Ryzen 7 PRO 5850U,15.0
AMD Ryzen 7 PRO 5875U,15.0
AMD Ryzen 7 PRO 6850H,45.0
AMD Ryzen 7 PRO 6850HS,35.0
AMD Ryzen 7 PRO 6850U,15.0
AMD Ryzen 9 3900X,105.0
AMD Ryzen 9 3900XT,105.0
AMD Ryzen 9 3950X,105.0
AMD Ryzen 9 4900H,54.0
AMD Ryzen 9 4900HS,35.0
AMD Ryzen 9 5900,65.0
AMD Ryzen 9 5900HX,45.0
AMD Ryzen 9 5900X,105.0
AMD Ryzen 9 5950X,105.0
AMD Ryzen 9 5980HS,35.0
AMD Ryzen 9 6900HS,35.0
AMD Ryzen 9 6900HX,45.0
AMD Ryzen 9 6980HS,45.0
AMD Ryzen 9 6980HX,45.0
AMD Ryzen 9 7845HX,55.0
AMD Ryzen 9 7900,65.0
AMD Ryzen 9 7900X,170.0
AMD Ryzen 9 7900X3D,120.0
AMD Ryzen 9 7940HS,35.0
AMD Ryzen 9 7945HX,55.0
AMD Ryzen 9 7950X,170.0
AMD Ryzen 9 7950X3D,120.0
AMD Ryzen 9 PRO 6950H,45.0
AMD Ryzen 9 PRO 6950HS,35.0
AMD Ryzen Embedded R1102G,6.0
AMD Ryzen Embedded R1305G,10.0
AMD Ryzen Embedded R1505G,25.0
AMD Ryzen Embedded R1600,25.0
AMD Ryzen Embedded R1606G,25.0
AMD Ryzen Embedded V1202B,15.0
AMD Ryzen Embedded V1605B,15.0
AMD Ryzen Embedded V1756B,45.0
AMD Ryzen Embedded V1807B,45.0
AMD Ryzen Embedded V2516,10.0
AMD Ryzen Embedded V2546,35.0
AMD Ryzen Embedded V2718,10.0
AMD Ryzen Embedded V2748,35.0
AMD Ryzen Threadripper 1900X,180.0
AMD Ryzen Threadripper 1920X,180.0
AMD Ryzen Threadripper 1950X,180.0
AMD Ryzen Threadripper 2920X,180.0
AMD Ryzen Threadripper 2950X,180.0
AMD Ryzen Threadripper 2970WX,250.0
AMD Ryzen Threadripper 2990WX,250.0
AMD Ryzen Threadripper 3960X,280.0
AMD Ryzen Threadripper 3970X,280.0
AMD Ryzen Threadripper 3990X,280.0
AMD Ryzen Threadripper PRO 3945WX,280.0
AMD Ryzen Threadripper PRO 3955WX,280.0
AMD Ryzen Threadripper PRO 3975WX,280.0
AMD Ryzen Threadripper PRO 3995WX,280.0
AMD Ryzen Threadripper PRO 5945WX,280.0
AMD Ryzen Threadripper PRO 5955WX,280.0
AMD Ryzen Threadripper PRO 5965WX,280.0
AMD Ryzen Threadripper PRO 5975WX,280.0
AMD Ryzen Threadripper PRO 5995WX,280.0
Annapurna Labs Graviton,40.0
Annapurna Labs Graviton2,150.0
Intel Atom x7211E,6.0
Intel Atom x7213E,6.0
Intel Atom x7425E,12.0
Intel C232,
Intel C236,
Intel CM246,
Intel Celeron 1000M,
Intel Celeron 1005M,
Intel Celeron 1007U,
Intel Celeron 1017U,
Intel Celeron 1019Y,
Intel Celeron 1020M,
Intel Celeron 1037U,
Intel Celeron 2950M,
Intel Celeron 2955U,
Intel Celeron 2957U,
Intel Celeron 2961Y,
Intel Celeron 2970M,
Intel Celeron 2980U,
Intel Celeron 2981U,
Intel Celeron 3855U,
Intel Celeron 3865U,15.0
Intel Celeron 3955U,
Intel Celeron 3965U,15.0
Intel Celeron 7300,9.0
Intel Celeron 7305,15.0
Intel Celeron G3930,51.0
Intel Celeron G3930T,35.0
Intel Celeron G3950,51.0
Intel Celeron G4900,54.0
Intel Celeron G4900T,35.0
Intel Celeron G4920,54.0
Intel Celeron G5900,58.0
Intel Celeron G5920,58.0
Intel Celeron G6900,46.0
Intel Celeron G6900E,46.0
Intel Celeron G6900T,35.0
Intel Celeron G6900TE,35.0
Intel Core M-5Y10,
Intel Core M-5Y10a,
Intel Core M-5Y10c,
Intel Core M-5Y31,
Intel Core M-5Y51,
Intel Core M-5Y70,
Intel Core M-5Y71,
Intel Core i3-1000G1,9.0
Intel Core i3-1000G4,9.0
Intel Core i3-1005G1,15.0
Intel Core i3-10100,65.0
Intel Core i3-10105,65.0
Intel Core i3-10105F,65.0
Intel Core i3-10105T,35.0
Intel Core i3-10110U,25.0
Intel Core i3-10110Y,9.0
Intel Core i3-10300,62.0
Intel Core i3-10305,65.0
Intel Core i3-10305T,35.0
Intel Core i3-10320,91.0
Intel Core i3-10325,65.0
Intel Core i3-10350K,91.0
Intel Core i3-1110G4,15.0
Intel Core i3-1115G4,28.0
Intel Core i3-1120G4,15.0
Intel Core i3-1125G4,28.0
Intel Core i3-12100,60.0
Intel Core i3-12100E,60.0
Intel Core i3-12100F,58.0
Intel Core i3-12100T,35.0
Intel Core i3-12100TE,35.0
Intel Core i3-1210U,9.0
Intel Core i3-1215U,15.0
Intel Core i3-1215U (IPU),15.0
Intel Core i3-1220P,28.0
Intel Core i3-12300,60.0
Intel Core i3-12300HE,45.0
Intel Core i3-12300T,35.0
Intel Core i3-1305U,15.0
Intel Core i3-13100,60.0
Intel Core i3-13100E,60.0
Intel Core i3-13100F,58.0
Intel Core i3-13100T,35.0
Intel Core i3-13100TE,35.0
Intel Core i3-1315U,15.0
Intel Core i3-1315UE,15.0
Intel Core i3-3110M,
Intel Core i3-3120M,
Intel Core i3-3130M,
Intel Core i3-3210,
Intel Core i3-3217U,
Intel Core i3-3220,
Intel Core i3-3220T,
Intel Core i3-3225,
Intel Core i3-3227U,
Intel Core i3-3229Y,
Intel Core i3-3240,
Intel Core i3-3240T,
Intel Core i3-3245,
Intel Core i3-3250,
Intel Core i3-3250T,
Intel Core i3-4000M,
Intel Core i3-4005U,
Intel Core i3-4010U,
Intel Core i3-4010Y,
Intel Core i3-4012Y,
Intel Core i3-4020Y,
Intel Core i3-4025U,
Intel Core i3-4030U,
Intel Core i3-4030Y,
Intel Core i3-4100M,
Intel Core i3-4100U,
Intel Core i3-4110M,
Intel Core i3-4120U,
Intel Core i3-4130,
Intel Core i3-4130T,
Intel Core i3-4150,
Intel Core i3-4150T,
Intel Core i3-4158U,
Intel Core i3-4160,
Intel Core i3-4160T,
Intel Core i3-4170,
Intel Core i3-4170T,
Intel Core i3-4330,
Intel Core i3-4330T,
Intel Core i3-4340,
Intel Core i3-4350,
Intel Core i3-4350T,
Intel Core i3-4360,
Intel Core i3-4360T,
Intel Core i3-4370,
Intel Core i3-4370T,
Intel Core i3-5005U,
Intel Core i3-5010U,
Intel Core i3-5015U,
Intel Core i3-5020U,
Intel Core i3-5157U,
Intel Core i3-6006U,
Intel Core i3-6098P,
Intel Core i3-6100,
Intel Core i3-6100H,
Intel Core i3-6100T,
Intel Core i3-6100U,
Intel Core i3-6157U,
Intel Core i3-6167U,
Intel Core i3-6300,
Intel Core i3-6300T,
Intel Core i3-6320,
Intel Core i3-7100,51.0
Intel Core i3-7100H,35.0
Intel Core i3-7100T,35.0
Intel Core i3-7120,51.0
Intel Core i3-7120T,35.0
Intel Core i3-7300,51.0
Intel Core i3-7300T,35.0
Intel Core i3-7320,51.0
Intel Core i3-7320T,35.0
Intel Core i3-7340,51.0
Intel Core i3-7350K,60.0
Intel Core i3-7360X,112.0
Intel Core i3-8020,51.0
Intel Core i3-8100,65.0
Intel Core i3-8100B,
Intel Core i3-8100F,65.0
Intel Core i3-8100H,
Intel Core i3-8100T,35.0
Intel Core i3-8109U,28.0
Intel Core i3-8120,65.0
Intel Core i3-8121U,15.0
Intel Core i3-8130U,15.0
Intel Core i3-8140U,
Intel Core i3-8145U,28.0
Intel Core i3-8300,62.0
Intel Core i3-8300T,35.0
Intel Core i3-8350K,91.0
Intel Core i3-9000,65.0
Intel Core i3-9100,65.0
Intel Core i3-9100E,65.0
Intel Core i3-9100F,65.0
Intel Core i3-9100HL,25.0
Intel Core i3-9100T,35.0
Intel Core i3-9100TE,35.0
Intel Core i3-9300,62.0
Intel Core i3-9300T,
Intel Core i3-9320,62.0
Intel Core i3-9350K,91.0
Intel Core i3-9350KF,91.0
Intel Core i3-N300,7.0
Intel Core i3-N305,15.0
Intel Core i5-10200H,45.0
Intel Core i5-10210U,25.0
Intel Core i5-10210Y,9.0
Intel Core i5-10300H,45.0
Intel Core i5-1030G4,9.0
Intel Core i5-1030G7,9.0
Intel Core i5-10310Y,9.0
Intel Core i5-1035G1,15.0
Intel Core i5-1035G4,15.0
Intel Core i5-1035G7,15.0
Intel Core i5-1038NG7,28.0
Intel Core i5-10400,65.0
Intel Core i5-10400F,65.0
Intel Core i5-10400H,45.0
Intel Core i5-10500,65.0
Intel Core i5-10600,65.0
Intel Core i5-10600K,125.0
Intel Core i5-10600KF,95.0
Intel Core i5-11260H,35.0
Intel Core i5-11300H,28.0
Intel Core i5-1130G7,15.0
Intel Core i5-11320H,28.0
Intel Core i5-1135G7,28.0
Intel Core i5-11400,65.0
Intel Core i5-11400F,65.0
Intel Core i5-11400H,35.0
Intel Core i5-11400T,35.0
Intel Core i5-1145G7,28.0
Intel Core i5-11500,65.0
Intel Core i5-11500H,35.0
Intel Core i5-11500T,35.0
Intel Core i5-1155G7,28.0
Intel Core i5-11600,65.0
Intel Core i5-11600K,125.0
Intel Core i5-11600KF,125.0
Intel Core i5-11600T,35.0
Intel Core i5-1230U,9.0
Intel Core i5-1235U,15.0
Intel Core i5-1235U (IPU),15.0
Intel Core i5-12400,65.0
Intel Core i5-12400F,65.0
Intel Core i5-12400T,35.0
Intel Core i5-1240P,28.0
Intel Core i5-1240U,9.0
Intel Core i5-12450H,45.0
Intel Core i5-12450HX,55.0
Intel Core i5-1245U,15.0
Intel Core i5-12490F,65.0
Intel Core i5-12500,65.0
Intel Core i5-12500E,65.0
Intel Core i5-12500H,45.0
Intel Core i5-12500T,35.0
Intel Core i5-12500TE,35.0
Intel Core i5-1250P,28.0
Intel Core i5-12600,65.0
Intel Core i5-12600H,45.0
Intel Core i5-12600HE,45.0
Intel Core i5-12600HX,55.0
Intel Core i5-12600K,125.0
Intel Core i5-12600KF,125.0
Intel Core i5-12600T,35.0
Intel Core i5-1334U,15.0
Intel Core i5-1335U,15.0
Intel Core i5-1335UE,15.0
Intel Core i5-13400,65.0
Intel Core i5-13400E,65.0
Intel Core i5-13400F,65.0
Intel Core i5-13400T,35.0
Intel Core i5-1340P,28.0
Intel Core i5-13420H,45.0
Intel Core i5-13450HX,55.0
Intel Core i5-1345U,15.0
Intel Core i5-1345UE,15.0
Intel Core i5-13490F,65.0
Intel Core i5-13500,65.0
Intel Core i5-13500E,65.0
Intel Core i5-13500H,45.0
Intel Core i5-13500HX,55.0
Intel Core i5-13500T,35.0
Intel Core i5-13500TE,35.0
Intel Core i5-13505H,45.0
Intel Core i5-1350P,28.0
Intel Core i5-13600,65.0
Intel Core i5-13600H,45.0
Intel Core i5-13600HX,55.0
Intel Core i5-13600K,125.0
Intel Core i5-13600KF,125.0
Intel Core i5-13600T,35.0
Intel Core i5-3210M,
Intel Core i5-3230M,
Intel Core i5-3317U,
Intel Core i5-3320M,
Intel Core i5-3330,
Intel Core i5-3330S,
Intel Core i5-3337U,
Intel Core i5-3339Y,
Intel Core i5-3340,
Intel Core i5-3340M,
Intel Core i5-3340S,
Intel Core i5-3350P,
Intel Core i5-3360M,
Intel Core i5-3380M,
Intel Core i5-3427U,
Intel Core i5-3437U,
Intel Core i5-3439Y,
Intel Core i5-3450,
Intel Core i5-3450S,
Intel Core i5-3470,
Intel Core i5-3470S,
Intel Core i5-3470T,
Intel Core i5-3475S,
Intel Core i5-3550,
Intel Core i5-3550S,
Intel Core i5-3570,
Intel Core i5-3570K,
Intel Core i5-3570S,
Intel Core i5-3570T,
Intel Core i5-4200H,
Intel Core i5-4200M,
Intel Core i5-4200U,
Intel Core i5-4200Y,
Intel Core i5-4202Y,
Intel Core i5-4210H,
Intel Core i5-4210M,
Intel Core i5-4210U,
Intel Core i5-4210Y,
Intel Core i5-4220Y,
Intel Core i5-4250U,
Intel Core i5-4258U,
Intel Core i5-4260U,
Intel Core i5-4278U,
Intel Core i5-4288U,
Intel Core i5-4300M,
Intel Core i5-4300U,
Intel Core i5-4300Y,
Intel Core i5-4302Y,
Intel Core i5-4308U,
Intel Core i5-4310M,
Intel Core i5-4310U,
Intel Core i5-4330M,
Intel Core i5-4340M,
Intel Core i5-4350U,
Intel Core i5-4360U,
Intel Core i5-4430,
Intel Core i5-4430S,
Intel Core i5-4440,
Intel Core i5-4440S,
Intel Core i5-4460,
Intel Core i5-4460S,
Intel Core i5-4460T,
Intel Core i5-4570,
Intel Core i5-4570S,
Intel Core i5-4570T,
Intel Core i5-4590,
Intel Core i5-4590S,
Intel Core i5-4590T,
Intel Core i5-4670,
Intel Core i5-4670K,
Intel Core i5-4670S,
Intel Core i5-4670T,
Intel Core i5-4690,
Intel Core i5-4690S,
Intel Core i5-4690T,
Intel Core i5-5200U,
Intel Core i5-5250U,
Intel Core i5-5257U,
Intel Core i5-5287U,
Intel Core i5-5300U,
Intel Core i5-5350H,
Intel Core i5-5350U,
Intel Core i5-5575R,
Intel Core i5-5675C,
Intel Core i5-5675R,
Intel Core i5-6200U,
Intel Core i5-6260U,
Intel Core i5-6267U,
Intel Core i5-6287U,
Intel Core i5-6300HQ,
Intel Core i5-6300U,
Intel Core i5-6350HQ,
Intel Core i5-6360U,
Intel Core i5-6400,
Intel Core i5-6400T,
Intel Core i5-6402P,
Intel Core i5-6440HQ,
Intel Core i5-6500,
Intel Core i5-6500T,
Intel Core i5-6585R,
Intel Core i5-6600,
Intel Core i5-6600K,
Intel Core i5-6600T,
Intel Core i5-6685R,
Intel Core i5-7300HQ,45.0
Intel Core i5-7400,65.0
Intel Core i5-7400T,35.0
Intel Core i5-7440HQ,45.0
Intel Core i5-7500,65.0
Intel Core i5-7500T,35.0
Intel Core i5-7600,65.0
Intel Core i5-7600K,91.0
Intel Core i5-7600T,35.0
Intel Core i5-7640X,112.0
Intel Core i5-8250U,15.0
Intel Core i5-8257U,
Intel Core i5-8259U,28.0
Intel Core i5-8260U,
Intel Core i5-8265U,28.0
Intel Core i5-8269U,28.0
Intel Core i5-8279U,
Intel Core i5-8300H,45.0
Intel Core i5-8305G,65.0
Intel Core i5-8350U,15.0
Intel Core i5-8400,65.0
Intel Core i5-8400B,
Intel Core i5-8400H,45.0
Intel Core i5-8400T,35.0
Intel Core i5-8420,65.0
Intel Core i5-8420T,35.0
Intel Core i5-8500,65.0
Intel Core i5-8500B,65.0
Intel Core i5-8500T,35.0
Intel Core i5-8550,65.0
Intel Core i5-8600,65.0
Intel Core i5-8600K,95.0
Intel Core i5-8600T,35.0
Intel Core i5-8650,65.0
Intel Core i5-8650K,95.0
Intel Core i5-9300H,
Intel Core i5-9300HF,
Intel Core i5-9400,65.0
Intel Core i5-9400F,65.0
Intel Core i5-9400H,
Intel Core i5-9400T,35.0
Intel Core i5-9500,65.0
Intel Core i5-9500F,65.0
Intel Core i5-9500T,
Intel Core i5-9600,65.0
Intel Core i5-9600K,95.0
Intel Core i5-9600KF,95.0
Intel Core i5-9600T,
Intel Core i7-10510U,25.0
Intel Core i7-10510Y,9.0
Intel Core i7-1060G7,9.0
Intel Core i7-10610U,25.0
Intel Core i7-1065G7,15.0
Intel Core i7-1068NG7,28.0
Intel Core i7-10700,65.0
Intel Core i7-10700F,65.0
Intel Core i7-10700K,125.0
Intel Core i7-10700KF,125.0
Intel Core i7-10710U,25.0
Intel Core i7-10750H,45.0
Intel Core i7-10810U,25.0
Intel Core i7-10850H,45.0
Intel Core i7-10870H,45.0
Intel Core i7-10875H,45.0
Intel Core i7-11370H,28.0
Intel Core i7-11375H,28.0
Intel Core i7-11390H,28.0
Intel Core i7-11600H,35.0
Intel Core i7-1160G7,15.0
Intel Core i7-1165G7,28.0
Intel Core i7-11700,65.0
Intel Core i7-11700F,65.0
Intel Core i7-11700K,125.0
Intel Core i7-11700KF,125.0
Intel Core i7-11700T,35.0
Intel Core i7-11800H,35.0
Intel Core i7-11850H,35.0
Intel Core i7-1185G7,28.0
Intel Core i7-1195G7,28.0
Intel Core i7-1250U,9.0
Intel Core i7-1255U,15.0
Intel Core i7-1260P,28.0
Intel Core i7-1260U,9.0
Intel Core i7-12650H,45.0
Intel Core i7-12650HX,55.0
Intel Core i7-1265U,15.0
Intel Core i7-12700,65.0
Intel Core i7-12700E,65.0
Intel Core i7-12700F,65.0
Intel Core i7-12700H,45.0
Intel Core i7-12700K,125.0
Intel Core i7-12700KF,125.0
Intel Core i7-12700T,35.0
Intel Core i7-12700TE,35.0
Intel Core i7-1270P,28.0
Intel Core i7-12800H,45.0
Intel Core i7-12800HE,45.0
Intel Core i7-12800HX,55.0
Intel Core i7-1280P,28.0
Intel Core i7-12850HX,55.0
Intel Core i7-1355U,15.0
Intel Core i7-1360P,28.0
Intel Core i7-13620H,45.0
Intel Core i7-13650HX,55.0
Intel Core i7-1365U,15.0
Intel Core i7-1365UE,15.0
Intel Core i7-13700,65.0
Intel Core i7-13700E,65.0
Intel Core i7-13700F,65.0
Intel Core i7-13700H,45.0
Intel Core i7-13700HX,55.0
Intel Core i7-13700K,125.0
Intel Core i7-13700KF,125.0
Intel Core i7-13700T,35.0
Intel Core i7-13700TE,35.0
Intel Core i7-13705H,45.0
Intel Core i7-1370P,28.0
Intel Core i7-13790F,65.0
Intel Core i7-13800H,45.0
Intel Core i7-13850HX,55.0
Intel Core i7-3517U,
Intel Core i7-3520M,
Intel Core i7-3537U,
Intel Core i7-3540M,
Intel Core i7-3610QM,
Intel Core i7-3612QM,
Intel Core i7-3615QM,
Intel Core i7-3630QM,
Intel Core i7-3632QM,
Intel Core i7-3635QM,
Intel Core i7-3667U,
Intel Core i7-3687U,
Intel Core i7-3689Y,
Intel Core i7-3720QM,
Intel Core i7-3740QM,
Intel Core i7-3770,
Intel Core i7-3770K,
Intel Core i7-3770S,
Intel Core i7-3770T,
Intel Core i7-3820QM,
Intel Core i7-3840QM,
Intel Core i7-3920XM,
Intel Core i7-3940XM,
Intel Core i7-4500U,
Intel Core i7-4510U,
Intel Core i7-4550U,
Intel Core i7-4558U,
Intel Core i7-4578U,
Intel Core i7-4600M,
Intel Core i7-4600U,
Intel Core i7-4610M,
Intel Core i7-4610Y,
Intel Core i7-4650U,
Intel Core i7-4700HQ,
Intel Core i7-4700MQ,
Intel Core i7-4702HQ,
Intel Core i7-4702MQ,
Intel Core i7-4710HQ,
Intel Core i7-4710MQ,
Intel Core i7-4712HQ,
Intel Core i7-4712MQ,
Intel Core i7-4720HQ,
Intel Core i7-4722HQ,
Intel Core i7-4765T,
Intel Core i7-4770,
Intel Core i7-4770K,
Intel Core i7-4770S,
Intel Core i7-4770T,
Intel Core i7-4771,
Intel Core i7-4785T,
Intel Core i7-4790,
Intel Core i7-4790S,
Intel Core i7-4790T,
Intel Core i7-4800MQ,
Intel Core i7-4810MQ,
Intel Core i7-4900MQ,
Intel Core i7-4910MQ,
Intel Core i7-4930MX,
Intel Core i7-4940MX,
Intel Core i7-5500U,
Intel Core i7-5550U,
Intel Core i7-5557U,
Intel Core i7-5600U,
Intel Core i7-5650U,
Intel Core i7-5700HQ,
Intel Core i7-5750HQ,
Intel Core i7-5775C,
Intel Core i7-5775R,
Intel Core i7-5850HQ,
Intel Core i7-5950HQ,
Intel Core i7-6500U,
Intel Core i7-6560U,
Intel Core i7-6567U,
Intel Core i7-6600U,
Intel Core i7-6650U,
Intel Core i7-6660U,
Intel Core i7-6700,
Intel Core i7-6700HQ,
Intel Core i7-6700K,
Intel Core i7-6700T,
Intel Core i7-6770HQ,
Intel Core i7-6785R,
Intel Core i7-6820HK,
Intel Core i7-6820HQ,
Intel Core i7-6870HQ,
Intel Core i7-6920HQ,
Intel Core i7-6970HQ,
Intel Core i7-7700,65.0
Intel Core i7-7700HQ,45.0
Intel Core i7-7700K,91.0
Intel Core i7-7700T,35.0
Intel Core i7-7740X,112.0
Intel Core i7-7800X,140.0
Intel Core i7-7820HK,45.0
Intel Core i7-7820HQ,45.0
Intel Core i7-7820X,140.0
Intel Core i7-7920HQ,45.0
Intel Core i7-8086K,95.0
Intel Core i7-8550U,15.0
Intel Core i7-8557U,
Intel Core i7-8559U,28.0
Intel Core i7-8565U,28.0
Intel Core i7-8569U,
Intel Core i7-8650U,15.0
Intel Core i7-8670,65.0
Intel Core i7-8670T,35.0
Intel Core i7-8700,65.0
Intel Core i7-8700B,65.0
Intel Core i7-8700K,95.0
Intel Core i7-8700T,35.0
Intel Core i7-8705G,65.0
Intel Core i7-8706G,65.0
Intel Core i7-8709G,65.0
Intel Core i7-8750H,45.0
Intel Core i7-8809G,65.0
Intel Core i7-8850H,45.0
Intel Core i7-9700,65.0
Intel Core i7-9700E,65.0
Intel Core i7-9700F,65.0
Intel Core i7-9700K,95.0
Intel Core i7-9700KF,95.0
Intel Core i7-9700T,35.0
Intel Core i7-9750H,45.0
Intel Core i7-9750HF,45.0
Intel Core i7-9800X,165.0
Intel Core i7-9850H,45.0
Intel Core i7-9850HE,45.0
Intel Core i7-9850HL,25.0
Intel Core i9-10800F,65.0
Intel Core i9-10850K,125.0
Intel Core i9-10885H,45.0
Intel Core i9-10900,65.0
Intel Core i9-10900F,65.0
Intel Core i9-10900K,125.0
Intel Core i9-10900KF,125.0
Intel Core i9-10900X,165.0
Intel Core i9-10920X,165.0
Intel Core i9-10940X,165.0
Intel Core i9-10980HK,45.0
Intel Core i9-10980XE,165.0
Intel Core i9-11900,65.0
Intel Core i9-11900F,65.0
Intel Core i9-11900H,35.0
Intel Core i9-11900K,125.0
Intel Core i9-11900KB,65.0
Intel Core i9-11900KF,125.0
Intel Core i9-11900T,35.0
Intel Core i9-11950H,35.0
Intel Core i9-11980HK,45.0
Intel Core i9-12900,65.0
Intel Core i9-12900E,65.0
Intel Core i9-12900F,65.0
Intel Core i9-12900H,45.0
Intel Core i9-12900HK,45.0
Intel Core i9-12900HX,55.0
Intel Core i9-12900K,125.0
Intel Core i9-12900KF,125.0
Intel Core i9-12900KS,150.0
Intel Core i9-12900T,35.0
Intel Core i9-12900TE,35.0
Intel Core i9-12950HX,55.0
Intel Core i9-13900,65.0
Intel Core i9-13900E,65.0
Intel Core i9-13900F,65.0
Intel Core i9-13900H,45.0
Intel Core i9-13900HK,45.0
Intel Core i9-13900HX,55.0
Intel Core i9-13900K,125.0
Intel Core i9-13900KF,125.0
Intel Core i9-13900KS,150.0
Intel Core i9-13900T,35.0
Intel Core i9-13900TE,35.0
Intel Core i9-13905H,45.0
Intel Core i9-13950HX,55.0
Intel Core i9-13980HX,55.0
Intel Core i9-7900X,140.0
Intel Core i9-7920X,140.0
Intel Core i9-7940X,165.0
Intel Core i9-7960X,165.0
Intel Core i9-7980XE,165.0
Intel Core i9-8950HK,95.0
Intel Core i9-9820X,165.0
Intel Core i9-9880H,45.0
Intel Core i9-9900,65.0
Intel Core i9-9900K,95.0
Intel Core i9-9900KF,95.0
Intel Core i9-9900KS,127.0
Intel Core i9-9900T,35.0
Intel Core i9-9900X,165.0
Intel Core i9-9920X,165.0
Intel Core i9-9940X,165.0
Intel Core i9-9960X,165.0
Intel Core i9-9980HK,45.0
Intel Core i9-9980XE,165.0
Intel Core i9-9990XE,255.0
Intel Core m3-6Y30,
Intel Core m3-8114Y,5.0
Intel Core m5-6Y54,
Intel Core m5-6Y57,
Intel Core m7-6Y75,
Intel HM370,
Intel Pentium 2020M,
Intel Pentium 2030M,
Intel Pentium 2117U,
Intel Pentium 2127U,
Intel Pentium 2129Y,
Intel Pentium 3205U,
Intel Pentium 3215U,
Intel Pentium 3550M,
Intel Pentium 3556U,
Intel Pentium 3558U,
Intel Pentium 3560M,
Intel Pentium 3560Y,
Intel Pentium 3561Y,
Intel Pentium 3755U,
Intel Pentium 3765U,
Intel Pentium 3805U,
Intel Pentium 3825U,
Intel Pentium 4405U,
Intel Pentium 4405Y,
Intel Pentium 8500,9.0
Intel Pentium 8505,15.0
Intel Pentium 8505 (IPU),15.0
Intel Pentium A1018,
Intel Pentium D1507,
Intel Pentium D1508,
Intel Pentium D1509,
Intel Pentium D1517,
Intel Pentium D1519,
Intel Pentium G1610,
Intel Pentium G1610T,
Intel Pentium G1620,
Intel Pentium G1620T,
Intel Pentium G1630,
Intel Pentium G1820,
Intel Pentium G1820T,
Intel Pentium G1830,
Intel Pentium G1840,
Intel Pentium G1840T,
Intel Pentium G1850,
Intel Pentium G2010,
Intel Pentium G2020,
Intel Pentium G2020T,
Intel Pentium G2030,
Intel Pentium G2030T,
Intel Pentium G2100T,
Intel Pentium G2120,
Intel Pentium G2120T,
Intel Pentium G2140,
Intel Pentium G3220,
Intel Pentium G3220T,
Intel Pentium G3240,
Intel Pentium G3240T,
Intel Pentium G3250,
Intel Pentium G3250T,
Intel Pentium G3258,
Intel Pentium G3260,
Intel Pentium G3260T,
Intel Pentium G3420,
Intel Pentium G3420T,
Intel Pentium G3430,
Intel Pentium G3440,
Intel Pentium G3440T,
Intel Pentium G3450,
Intel Pentium G3450T,
Intel Pentium G3460,
Intel Pentium G3460T,
Intel Pentium G3470,
Intel Pentium G4560,51.0
Intel Pentium G4560T,35.0
Intel Pentium G4600,51.0
Intel Pentium G4600T,35.0
Intel Pentium G4620,51.0
Intel Pentium G4900,
Intel Pentium G4900T,
Intel Pentium G4920,
Intel Pentium G4930,
Intel Pentium G4930T,
Intel Pentium G4950,
Intel Pentium G5400,
Intel Pentium G5400T,
Intel Pentium G5420,
Intel Pentium G5420T,
Intel Pentium G5500,
Intel Pentium G5500T,
Intel Pentium G5600,
Intel Pentium G5600T,
Intel Pentium G5620,
Intel Pentium Gold G5400,58.0
Intel Pentium Gold G5400T,35.0
Intel Pentium Gold G5500,54.0
Intel Pentium Gold G5500T,35.0
Intel Pentium Gold G5600,54.0
Intel Pentium Gold G5620,54.0
Intel Pentium Gold G6400,58.0
Intel Pentium Gold G6405,65.0
Intel Pentium Gold G6405T,35.0
Intel Pentium Gold G6500,58.0
Intel Pentium Gold G6505,65.0
Intel Pentium Gold G6505T,35.0
Intel Pentium Gold G6600,58.0
Intel Pentium Gold G6605,65.0
Intel Pentium Gold G7400,46.0
Intel Pentium Gold G7400E,46.0
Intel Pentium Gold G7400T,35.0
Intel Pentium Gold G7400TE,35.0
Intel Pentium Silver J5005,10.0
Intel Processor N100,6.0
Intel Processor N200,6.0
Intel Processor N50,6.0
Intel Processor N95,15.0
Intel Processor N97,12.0
Intel Processor U300,15.0
Intel Processor U300E,15.0
Intel QM370,
Intel Xeon Bronze 3104,
Intel Xeon Bronze 3106,85.0
Intel Xeon Bronze 3204,
Intel Xeon Bronze 3206R,
Intel Xeon Bronze 3408U,125.0
Intel Xeon D-1513N,
Intel Xeon D-1518,
Intel Xeon D-1520,
Intel Xeon D-1521,
Intel Xeon D-1523N,
Intel Xeon D-1527,
Intel Xeon D-1528,
Intel Xeon D-1529,
Intel Xeon D-1531,
Intel Xeon D-1533N,
Intel Xeon D-1537,
Intel Xeon D-1539,
Intel Xeon D-1540,
Intel Xeon D-1541,
Intel Xeon D-1543N,
Intel Xeon D-1548,
Intel Xeon D-1553N,
Intel Xeon D-1557,
Intel Xeon D-1559,
Intel Xeon D-1567,
Intel Xeon D-1571,
Intel Xeon D-1577,
Intel Xeon D-2123IT,
Intel Xeon D-2141I,
Intel Xeon D-2142IT,
Intel Xeon D-2143IT,
Intel Xeon D-2145NT,
Intel Xeon D-2146NT,
Intel Xeon D-2161I,
Intel Xeon D-2163IT,
Intel Xeon D-2166NT,
Intel Xeon D-2173IT,
Intel Xeon D-2177NT,
Intel Xeon D-2183IT,
Intel Xeon D-2187NT,
Intel Xeon E-2124,72.0
Intel Xeon E-2124G,72.0
Intel Xeon E-2126G,
Intel Xeon E-2134,
Intel Xeon E-2136,
Intel Xeon E-2144G,
Intel Xeon E-2146G,
Intel Xeon E-2174G,
Intel Xeon E-2176G,
Intel Xeon E-2176M,
Intel Xeon E-2186G,
Intel Xeon E-2186M,
Intel Xeon E-2224,
Intel Xeon E-2224G,
Intel Xeon E-2226G,
Intel Xeon E-2234,
Intel Xeon E-2236,
Intel Xeon E-2244G,
Intel Xeon E-2246G,
Intel Xeon E-2274G,
Intel Xeon E-2276G,
Intel Xeon E-2276M,
Intel Xeon E-2278G,
Intel Xeon E-2286G,
Intel Xeon E-2286M,
Intel Xeon E-2288G,
Intel Xeon E-2314,65.0
Intel Xeon E-2324G,65.0
Intel Xeon E-2334,65.0
Intel Xeon E-2336,65.0
Intel Xeon E-2356G,80.0
Intel Xeon E-2374G,80.0
Intel Xeon E-2378,65.0
Intel Xeon E-2378G,80.0
Intel Xeon E-2386G,95.0
Intel Xeon E-2388G,95.0
Intel Xeon E3-1220 V2,
Intel Xeon E3-1220 V3,
Intel Xeon E3-1220 V5,
Intel Xeon E3-1220L V2,
Intel Xeon E3-1220L V3,
Intel Xeon E3-1225 V2,
Intel Xeon E3-1225 V3,
Intel Xeon E3-1225 V5,
Intel Xeon E3-1226 V3,
Intel Xeon E3-1230 V2,
Intel Xeon E3-1230 V3,
Intel Xeon E3-1230 V5,
Intel Xeon E3-1230L V3,
Intel Xeon E3-1231 V3,
Intel Xeon E3-1235L V5,
Intel Xeon E3-1240 V2,
Intel Xeon E3-1240 V3,
Intel Xeon E3-1240 V5,
Intel Xeon E3-1240L V3,
Intel Xeon E3-1240L V5,
Intel Xeon E3-1241 V3,
Intel Xeon E3-1245 V2,
Intel Xeon E3-1245 V3,
Intel Xeon E3-1245 V5,
Intel Xeon E3-1246 V3,
Intel Xeon E3-1260L V5,
Intel Xeon E3-1265L V2,
Intel Xeon E3-1265L V3,
Intel Xeon E3-1265L V4,
Intel Xeon E3-1270 V2,
Intel Xeon E3-1270 V3,
Intel Xeon E3-1270 V5,
Intel Xeon E3-1271 V3,
Intel Xeon E3-1275 V2,
Intel Xeon E3-1275 V3,
Intel Xeon E3-1275 V5,
Intel Xeon E3-1275L V3,
Intel Xeon E3-1276 V3,
Intel Xeon E3-1280 V2,
Intel Xeon E3-1280 V3,
Intel Xeon E3-1280 V5,
Intel Xeon E3-1281 V3,
Intel Xeon E3-1285 V3,
Intel Xeon E3-1285 V4,
Intel Xeon E3-1285 v6,79.0
Intel Xeon E3-1285L V3,
Intel Xeon E3-1285L V4,
Intel Xeon E3-1286 V3,
Intel Xeon E3-1286L V3,
Intel Xeon E3-1290 V2,
Intel Xeon E3-1505M,
Intel Xeon E3-1515M,
Intel Xeon E3-1535M,
Intel Xeon E3-1545M,
Intel Xeon E3-1565L V5,
Intel Xeon E3-1575M,
Intel Xeon E3-1585 V5,
Intel Xeon E3-1585L V5,
Intel Xeon E5-1620 V2,
Intel Xeon E5-1620 V3,
Intel Xeon E5-1620 V4,
Intel Xeon E5-1630 V3,
Intel Xeon E5-1630 V4,
Intel Xeon E5-1650 V2,
Intel Xeon E5-1650 V3,
Intel Xeon E5-1650 V4,
Intel Xeon E5-1660 V2,
Intel Xeon E5-1660 V3,
Intel Xeon E5-1660 V4,
Intel Xeon E5-1680 V3,
Intel Xeon E5-1680 V4,
Intel Xeon E5-2403 V2,
Intel Xeon E5-2407 V2,
Intel Xeon E5-2420 V2,
Intel Xeon E5-2430 V2,
Intel Xeon E5-2430L V2,
Intel Xeon E5-2440 V2,
Intel Xeon E5-2450 V2,
Intel Xeon E5-2450L V2,
Intel Xeon E5-2470 V2,
Intel Xeon E5-2603 V2,
Intel Xeon E5-2603 V3,
Intel Xeon E5-2603 V4,
Intel Xeon E5-2609 V2,
Intel Xeon E5-2609 V3,
Intel Xeon E5-2609 V4,
Intel Xeon E5-2620 V2,
Intel Xeon E5-2620 V3,
Intel Xeon E5-2620 V4,
Intel Xeon E5-2623 V3,
Intel Xeon E5-2623 V4,
Intel Xeon E5-2630 V2,
Intel Xeon E5-2630 V3,
Intel Xeon E5-2630 V4,
Intel Xeon E5-2630L V2,
Intel Xeon E5-2630L V3,
Intel Xeon E5-2630L V4,
Intel Xeon E5-2637 V2,
Intel Xeon E5-2637 V3,
Intel Xeon E5-2637 V4,
Intel Xeon E5-2640 V2,
Intel Xeon E5-2640 V3,
Intel Xeon E5-2640 V4,
Intel Xeon E5-2643 V2,
Intel Xeon E5-2643 V3,
Intel Xeon E5-2643 V4,
Intel Xeon E5-2650,95.0
Intel Xeon E5-2650 V2,
Intel Xeon E5-2650 V3,
Intel Xeon E5-2650 V4,
Intel Xeon E5-2650L V2,
Intel Xeon E5-2650L V3,
Intel Xeon E5-2650L V4,
Intel Xeon E5-2651 V2,95.0
Intel Xeon E5-2660 V2,
Intel Xeon E5-2660 V3,
Intel Xeon E5-2660 V4,
Intel Xeon E5-2665,115.0
Intel Xeon E5-2666 V3,135.0
Intel Xeon E5-2667 V2,
Intel Xeon E5-2667 V3,
Intel Xeon E5-2667 V4,
Intel Xeon E5-2670,115.0
Intel Xeon E5-2670 V2,115.0
Intel Xeon E5-2670 V3,
Intel Xeon E5-2676 V3,120.0
Intel Xeon E5-2680 V2,115.0
Intel Xeon E5-2680 V3,
Intel Xeon E5-2680 V4,
Intel Xeon E5-2683 V3,
Intel Xeon E5-2683 V4,
Intel Xeon E5-2686 V4,145.0
Intel Xeon E5-2687W V2,
Intel Xeon E5-2687W V3,
Intel Xeon E5-2687W V4,
Intel Xeon E5-2690 V2,
Intel Xeon E5-2690 V3,
Intel Xeon E5-2690 V4,
Intel Xeon E5-2695 V2,
Intel Xeon E5-2695 V3,
Intel Xeon E5-2695 V4,
Intel Xeon E5-2697 V2,
Intel Xeon E5-2697 V3,
Intel Xeon E5-2697 V4,
Intel Xeon E5-2697A V4,
Intel Xeon E5-2698 V3,
Intel Xeon E5-2698 V4,
Intel Xeon E5-2699 V3,
Intel Xeon E5-2699 V4,
Intel Xeon E5-2699A V4,
Intel Xeon E5-4603 V2,
Intel Xeon E5-4607 V2,
Intel Xeon E5-4610 V2,
Intel Xeon E5-4610 V3,
Intel Xeon E5-4610 V4,
Intel Xeon E5-4620 V2,
Intel Xeon E5-4620 V3,
Intel Xeon E5-4620 V4,
Intel Xeon E5-4627 V2,
Intel Xeon E5-4627 V3,
Intel Xeon E5-4627 V4,
Intel Xeon E5-4640 V2,
Intel Xeon E5-4640 V3,
Intel Xeon E5-4640 V4,
Intel Xeon E5-4650 V2,
Intel Xeon E5-4650 V3,
Intel Xeon E5-4650 V4,
Intel Xeon E5-4655 V3,
Intel Xeon E5-4655 V4,
Intel Xeon E5-4657L V2,
Intel Xeon E5-4660 V3,
Intel Xeon E5-4660 V4,
Intel Xeon E5-4667 V3,
Intel Xeon E5-4667 V4,
Intel Xeon E5-4669 V3,
Intel Xeon E5-4669 V4,
Intel Xeon E7-2850 V2,
Intel Xeon E7-2870 V2,
Intel Xeon E7-2880 V2,
Intel Xeon E7-2890 V2,
Intel Xeon E7-4809 V2,
Intel Xeon E7-4809 V3,
Intel Xeon E7-4809 V4,
Intel Xeon E7-4820 V2,
Intel Xeon E7-4820 V3,
Intel Xeon E7-4820 V4,
Intel Xeon E7-4830 V2,
Intel Xeon E7-4830 V3,
Intel Xeon E7-4830 V4,
Intel Xeon E7-4850 V2,
Intel Xeon E7-4850 V3,
Intel Xeon E7-4850 V4,
Intel Xeon E7-4860 V2,
Intel Xeon E7-4870 V2,
Intel Xeon E7-4880 V2,
Intel Xeon E7-4890 V2,
Intel Xeon E7-8850 V2,
Intel Xeon E7-8857 V2,
Intel Xeon E7-8860 V3,
Intel Xeon E7-8860 V4,
Intel Xeon E7-8867 V3,
Intel Xeon E7-8867 V4,
Intel Xeon E7-8870 V2,
Intel Xeon E7-8870 V3,
Intel Xeon E7-8870 V4,
Intel Xeon E7-8880 V2,
Intel Xeon E7-8880 V3,150.0
Intel Xeon E7-8880 V4,
Intel Xeon E7-8880L V2,
Intel Xeon E7-8880L V3,
Intel Xeon E7-8890 V2,
Intel Xeon E7-8890 V3,
Intel Xeon E7-8890 V4,
Intel Xeon E7-8891 V2,
Intel Xeon E7-8891 V3,
Intel Xeon E7-8891 V4,
Intel Xeon E7-8893 V2,
Intel Xeon E7-8893 V3,
Intel Xeon E7-8893 V4,
Intel Xeon E7-8894 V4,
Intel Xeon Gold 5115,
Intel Xeon Gold 5118,
Intel Xeon Gold 5119T,
Intel Xeon Gold 5120,
Intel Xeon Gold 5120T,
Intel Xeon Gold 5122,
Intel Xeon Gold 5215,
Intel Xeon Gold 5215L,
Intel Xeon Gold 5217,
Intel Xeon Gold 5218,
Intel Xeon Gold 5218B,
Intel Xeon Gold 5218N,
Intel Xeon Gold 5218R,
Intel Xeon Gold 5218T,
Intel Xeon Gold 5220,
Intel Xeon Gold 5220R,
Intel Xeon Gold 5220S,
Intel Xeon Gold 5220T,
Intel Xeon Gold 5222,
Intel Xeon Gold 5315Y,140.0
Intel Xeon Gold 5317,150.0
Intel Xeon Gold 5318H,150.0
Intel Xeon Gold 5318N,150.0
Intel Xeon Gold 5318S,165.0
Intel Xeon Gold 5318Y,165.0
Intel Xeon Gold 5320,185.0
Intel Xeon Gold 5320H,150.0
Intel Xeon Gold 5320T,150.0
Intel Xeon Gold 5411N,165.0
Intel Xeon Gold 5412U,185.0
Intel Xeon Gold 5415+,150.0
Intel Xeon Gold 5416S,150.0
Intel Xeon Gold 5418N,165.0
Intel Xeon Gold 5418Y,185.0
Intel Xeon Gold 5420+,205.0
Intel Xeon Gold 5423N,145.0
Intel Xeon Gold 5433N,160.0
Intel Xeon Gold 6126,
Intel Xeon Gold 6126F,
Intel Xeon Gold 6126T,
Intel Xeon Gold 6128,
Intel Xeon Gold 6130,
Intel Xeon Gold 6130F,
Intel Xeon Gold 6130T,
Intel Xeon Gold 6132,
Intel Xeon Gold 6134,
Intel Xeon Gold 6136,
Intel Xeon Gold 6138,
Intel Xeon Gold 6138F,
Intel Xeon Gold 6138P,
Intel Xeon Gold 6138T,
Intel Xeon Gold 6140,
Intel Xeon Gold 6142,
Intel Xeon Gold 6142F,
Intel Xeon Gold 6144,
Intel Xeon Gold 6146,
Intel Xeon Gold 6148,
Intel Xeon Gold 6148F,
Intel Xeon Gold 6150,
Intel Xeon Gold 6152,
Intel Xeon Gold 6154,200.0
Intel Xeon Gold 6208U,
Intel Xeon Gold 6209U,
Intel Xeon Gold 6212U,
Intel Xeon Gold 6222V,
Intel Xeon Gold 6226,
Intel Xeon Gold 6226R,
Intel Xeon Gold 6230,
Intel Xeon Gold 6230N,
Intel Xeon Gold 6230R,
Intel Xeon Gold 6230T,
Intel Xeon Gold 6234,
Intel Xeon Gold 6238,
Intel Xeon Gold 6238L,
Intel Xeon Gold 6238R,
Intel Xeon Gold 6238T,
Intel Xeon Gold 6240,
Intel Xeon Gold 6240L,
Intel Xeon Gold 6240R,
Intel Xeon Gold 6240Y,
Intel Xeon Gold 6242,
Intel Xeon Gold 6242R,
Intel Xeon Gold 6244,
Intel Xeon Gold 6246,
Intel Xeon Gold 6246R,
Intel Xeon Gold 6248,
Intel Xeon Gold 6248R,
Intel Xeon Gold 6250,
Intel Xeon Gold 6250L,
Intel Xeon Gold 6252,
Intel Xeon Gold 6252N,
Intel Xeon Gold 6254,
Intel Xeon Gold 6256,
Intel Xeon Gold 6258R,
Intel Xeon Gold 6262V,
Intel Xeon Gold 6312U,185.0
Intel Xeon Gold 6314U,205.0
Intel Xeon Gold 6326,185.0
Intel Xeon Gold 6328H,165.0
Intel Xeon Gold 6328HL,165.0
Intel Xeon Gold 6330,205.0
Intel Xeon Gold 6330H,150.0
Intel Xeon Gold 6334,165.0
Intel Xeon Gold 6336Y,185.0
Intel Xeon Gold 6338N,185.0
Intel Xeon Gold 6338T,165.0
Intel Xeon Gold 6342,230.0
Intel Xeon Gold 6346,205.0
Intel Xeon Gold 6348,235.0
Intel Xeon Gold 6348H,165.0
Intel Xeon Gold 6354,205.0
Intel Xeon Gold 6414U,250.0
Intel Xeon Gold 6416H,165.0
Intel Xeon Gold 6418H,185.0
Intel Xeon Gold 6421N,185.0
Intel Xeon Gold 6426Y,185.0
Intel Xeon Gold 6428N,185.0
Intel Xeon Gold 6430,270.0
Intel Xeon Gold 6434,195.0
Intel Xeon Gold 6434H,195.0
Intel Xeon Gold 6438M,205.0
Intel Xeon Gold 6438N,205.0
Intel Xeon Gold 6438Y+,205.0
Intel Xeon Gold 6442Y,225.0
Intel Xeon Gold 6444Y,270.0
Intel Xeon Gold 6448H,250.0
Intel Xeon Gold 6448Y,225.0
Intel Xeon Gold 6454S,270.0
Intel Xeon Gold 6458Q,350.0
Intel Xeon Max 9460,350.0
Intel Xeon Max 9462,350.0
Intel Xeon Max 9468,350.0
Intel Xeon Max 9470,350.0
Intel Xeon Max 9480,350.0
Intel Xeon Phi 7235,250.0
Intel Xeon Phi 7285,250.0
Intel Xeon Phi 7295,320.0
Intel Xeon Platinum 8124M,240.0
Intel Xeon Platinum 8151,240.0
Intel Xeon Platinum 8153,
Intel Xeon Platinum 8156,
Intel Xeon Platinum 8158,
Intel Xeon Platinum 8160,
Intel Xeon Platinum 8160F,
Intel Xeon Platinum 8160T,
Intel Xeon Platinum 8164,
Intel Xeon Platinum 8168,
Intel Xeon Platinum 8170,
Intel Xeon Platinum 8171M,
Intel Xeon Platinum 8175M,240.0
Intel Xeon Platinum 8176,
Intel Xeon Platinum 8176F,
Intel Xeon Platinum 8176M,165.0
Intel Xeon Platinum 8180,205.0
Intel Xeon Platinum 8180M,205.0
Intel Xeon Platinum 8252C,240.0
Intel Xeon Platinum 8253,125.0
Intel Xeon Platinum 8256,105.0
Intel Xeon Platinum 8259CL,210.0
Intel Xeon Platinum 8260,165.0
Intel Xeon Platinum 8260L,
Intel Xeon Platinum 8260M,165.0
Intel Xeon Platinum 8260Y,
Intel Xeon Platinum 8268,205.0
Intel Xeon Platinum 8270,205.0
Intel Xeon Platinum 8275CL,240.0
Intel Xeon Platinum 8276,165.0
Intel Xeon Platinum 8276L,
Intel Xeon Platinum 8280,205.0
Intel Xeon Platinum 8280L,
Intel Xeon Platinum 8280M,205.0
Intel Xeon Platinum 8351N,225.0
Intel Xeon Platinum 8352M,185.0
Intel Xeon Platinum 8352S,205.0
Intel Xeon Platinum 8352V,195.0
Intel Xeon Platinum 8353H,150.0
Intel Xeon Platinum 8354H,205.0
Intel Xeon Platinum 8356H,190.0
Intel Xeon Platinum 8358,250.0
Intel Xeon Platinum 8358P,240.0
Intel Xeon Platinum 8360H,225.0
Intel Xeon Platinum 8360HL,225.0
Intel Xeon Platinum 8360Y,250.0
Intel Xeon Platinum 8362,265.0
Intel Xeon Platinum 8368,270.0
Intel Xeon Platinum 8368Q,270.0
Intel Xeon Platinum 8370C,
Intel Xeon Platinum 8375C,300.0
Intel Xeon Platinum 8376H,205.0
Intel Xeon Platinum 8376HL,205.0
Intel Xeon Platinum 8380,270.0
Intel Xeon Platinum 8380H,250.0
Intel Xeon Platinum 8380HL,250.0
Intel Xeon Platinum 8444H,270.0
Intel Xeon Platinum 8450H,250.0
Intel Xeon Platinum 8452Y,300.0
Intel Xeon Platinum 8454H,270.0
Intel Xeon Platinum 8458P,350.0
Intel Xeon Platinum 8460H,330.0
Intel Xeon Platinum 8460Y+,300.0
Intel Xeon Platinum 8461V,300.0
Intel Xeon Platinum 8462Y+,300.0
Intel Xeon Platinum 8468,350.0
Intel Xeon Platinum 8468H,330.0
Intel Xeon Platinum 8468V,330.0
Intel Xeon Platinum 8470,350.0
Intel Xeon Platinum 8470N,300.0
Intel Xeon Platinum 8470Q,350.0
Intel Xeon Platinum 8471N,300.0
Intel Xeon Platinum 8480+,350.0
Intel Xeon Platinum 8490H,350.0
Intel Xeon Platinum 9221,250.0
Intel Xeon Platinum 9222,250.0
Intel Xeon Platinum 9242,350.0
Intel Xeon Platinum 9282,400.0
Intel Xeon Silver 4108,
Intel Xeon Silver 4109T,
Intel Xeon Silver 4110,
Intel Xeon Silver 4112,
Intel Xeon Silver 4114,
Intel Xeon Silver 4114T,
Intel Xeon Silver 4116,85.0
Intel Xeon Silver 4116T,
Intel Xeon Silver 4208,
Intel Xeon Silver 4209T,
Intel Xeon Silver 4210,
Intel Xeon Silver 4210R,
Intel Xeon Silver 4210T,
Intel Xeon Silver 4214,
Intel Xeon Silver 4214R,
Intel Xeon Silver 4214Y,
Intel Xeon Silver 4215,
Intel Xeon Silver 4215R,
Intel Xeon Silver 4216,
Intel Xeon Silver 4309Y,105.0
Intel Xeon Silver 4310,120.0
Intel Xeon Silver 4310T,105.0
Intel Xeon Silver 4314,135.0
Intel Xeon Silver 4316,150.0
Intel Xeon Silver 4410T,150.0
Intel Xeon Silver 4410Y,150.0
Intel Xeon Silver 4416+,165.0
Intel Xeon W-11855M,35.0
Intel Xeon W-11955M,35.0
Intel Xeon W-1290,80.0
Intel Xeon W-1290P,125.0
Intel Xeon W-2102,120.0
Intel Xeon W-2104,120.0
Intel Xeon W-2123,120.0
Intel Xeon W-2125,120.0
Intel Xeon W-2133,140.0
Intel Xeon W-2135,140.0
Intel Xeon W-2140B,120.0
Intel Xeon W-2145,140.0
Intel Xeon W-2150B,120.0
Intel Xeon W-2155,140.0
Intel Xeon W-2170B,140.0
Intel Xeon W-2175,140.0
Intel Xeon W-2191B,140.0
Intel Xeon W-2195,140.0
Intel Xeon W-2223,
Intel Xeon W-2225,
Intel Xeon W-2235,
Intel Xeon W-2245,
Intel Xeon W-2255,
Intel Xeon W-2265,
Intel Xeon W-2275,
Intel Xeon W-2295,
Intel Xeon W-3175X,255.0
Intel Xeon W-3223,
Intel Xeon W-3225,
Intel Xeon W-3235,
Intel Xeon W-3245,
Intel Xeon W-3245M,
Intel Xeon W-3265,
Intel Xeon W-3265M,
Intel Xeon W-3275M,
Intel Xeon W-3323,220.0
Intel Xeon W-3335,250.0
Intel Xeon W-3345,250.0
Intel Xeon W-3365,270.0
Intel Xeon W-3375,270.0
Intel Xeon w3-2423,120.0
Intel Xeon w3-2425,130.0
Intel Xeon w3-2435,165.0
Intel Xeon w5-2445,175.0
Intel Xeon w5-2455X,200.0
Intel Xeon w5-2465X,200.0
Intel Xeon w5-3425,270.0
Intel Xeon w5-3435X,270.0
Intel Xeon w7-2475X,225.0
Intel Xeon w7-2495X,225.0
Intel Xeon w7-3445,270.0
Intel Xeon w7-3455,270.0
Intel Xeon w7-3465X,300.0
Intel Xeon w9-3475X,300.0
Intel Xeon w9-3495X,350.0
